Min (MHz),Max (MHz),Primary Allocations UPPER (1),Primary Allocations UPPER (2),Primary Allocations UPPER (3),Primary Allocations UPPER (4),Primary Allocations UPPER (5),Primary Allocations UPPER (6),Primary Allocations UPPER (7),Primary Allocations UPPER (8)
0.0083,0.009,,,,,,,,
0.009,0.0113,METEOROLOGICAL AIDS,RADIONAVIGATION,,,,,,
0.0113,0.014,RADIONAVIGATION,,,,,,,
0.014,0.01995,MARITIME MOBILE,FIXED,,,,,,
0.01995,0.02005,STANDARD FREQUENCY AND TIME SIGNAL (20 KHZ),,,,,,,
0.02005,0.07,FIXED,MARITIME MOBILE,,,,,,
0.07,0.072,RADIONAVIGATION,,,,,,,
0.072,0.084,FIXED,MARITIME MOBILE,RADIONAVIGATION,,,,,
0.084,0.086,RADIONAVIGATION,,,,,,,
0.086,0.09,FIXED,MARITIME MOBILE,RADIONAVIGATION,,,,,
0.09,0.11,RADIONAVIGATION,,,,,,,
0.11,0.112,FIXED,MARITIME MOBILE,RADIONAVIGATION,,,,,
0.112,0.115,RADIONAVIGATION,,,,,,,
0.115,0.1176,RADIONAVIGATION,,,,,,,
0.1176,0.126,FIXED,MARITIME MOBILE,RADIONAVIGATION,,,,,
0.126,0.129,RADIONAVIGATION,,,,,,,
0.129,0.13,FIXED,MARITIME MOBILE,RADIONAVIGATION,,,,,
0.13,0.1357,FIXED,MARITIME MOBILE,,,,,,
0.1357,0.1378,FIXED,MARITIME MOBILE,,,,,,
0.1378,0.1485,FIXED,MARITIME MOBILE,,,,,,
0.1485,0.255,BROADCASTING,,,,,,,
0.255,0.2835,BROADCASTING,AERONAUTICAL RADIONAVIGATION,,,,,,
0.2835,0.315,AERONAUTICAL RADIONAVIGATION,MARITIME RADIONAVIGATION (RADIOBEACONS),,,,,,
0.315,0.325,AERONAUTICAL RADIONAVIGATION,,,,,,,
0.325,0.405,AERONAUTICAL RADIONAVIGATION,,,,,,,
0.405,0.415,RADIONAVIGATION,,,,,,,
0.415,0.435,MARITIME MOBILE,AERONAUTICAL RADIONAVIGATION,,,,,,
0.435,0.472,MARITIME MOBILE,,,,,,,
0.472,0.479,MARITIME MOBILE,,,,,,,
0.479,0.495,MARITIME MOBILE,,,,,,,
0.495,0.505,MARITIME MOBILE,,,,,,,
0.505,0.5265,MARITIME MOBILE,AERONAUTICAL RADIONAVIGATION,,,,,,
0.5265,1.6065,BROADCASTING,,,,,,,
1.6065,1.625,FIXED,MARITIME MOBILE,LAND MOBILE,,,,,
1.625,1.635,RADIOLOCATION,,,,,,,
1.635,1.8,FIXED,MARITIME MOBILE,LAND MOBILE,,,,,
1.8,1.81,RADIOLOCATION,,,,,,,
1.81,1.83,FIXED,MOBILE EXCEPT AERONAUTICAL MOBILE,,,,,,
1.83,1.85,AMATEUR,,,,,,,
1.85,2,FIXED,MOBILE EXCEPT AERONAUTICAL MOBILE,,,,,,
2,2.025,FIXED,MOBILE EXCEPT AERONAUTICAL MOBILE,,,,,,
2.025,2.045,FIXED,MOBILE EXCEPT AERONAUTICAL MOBILE (R),,,,,,
2.045,2.16,FIXED,MARITIME MOBILE,LAND MOBILE,,,,,
2.16,2.17,RADIOLOCATION,,,,,,,
2.17,2.1735,MARITIME MOBILE,,,,,,,
2.1735,2.1905,MOBILE (DISTRESS AND CALLING),,,,,,,
2.1905,2.194,MARITIME MOBILE,,,,,,,
2.194,2.3,FIXED,MOBILE EXCEPT AERONAUTICAL MOBILE (R),,,,,,
2.3,2.498,FIXED,MOBILE EXCEPT AERONAUTICAL MOBILE (R),BROADCASTING,,,,,
2.498,2.501,STANDARD FREQUENCY AND TIME SIGNAL (2500 KHZ),,,,,,,
2.501,2.502,STANDARD FREQUENCY AND TIME SIGNAL,,,,,,,
2.502,2.625,FIXED,MOBILE EXCEPT AERONAUTICAL MOBILE (R),,,,,,
2.625,2.65,MARITIME MOBILE,MARITIME RADIONAVIGATION,,,,,,
2.65,2.85,FIXED,MOBILE EXCEPT AERONAUTICAL MOBILE (R),,,,,,
2.85,3.025,AERONAUTICAL MOBILE (R),,,,,,,
3.025,3.155,AERONAUTICAL MOBILE (OR),,,,,,,
3.155,3.2,FIXED,MOBILE EXCEPT AERONAUTICAL MOBILE,,,,,,
3.2,3.23,FIXED,MOBILE EXCEPT AERONAUTICAL MOBILE (R),BROADCASTING,,,,,
3.23,3.4,FIXED,MOBILE EXCEPT AERONAUTICAL MOBILE,BROADCASTING,,,,,
3.4,3.5,AERONAUTICAL MOBILE (R),,,,,,,
3.5,3.8,AMATEUR,FIXED,MOBILE EXCEPT AERONAUTICAL MOBILE,,,,,
3.8,3.9,FIXED,AERONAUTICAL MOBILE (OR),LAND MOBILE,,,,,
3.9,3.95,AERONAUTICAL MOBILE (OR),,,,,,,
3.95,4,FIXED,BROADCASTING,,,,,,
4,4.063,FIXED,MARITIME MOBILE,,,,,,
4.063,4.438,MARITIME MOBILE,,,,,,,
4.438,4.488,FIXED,MOBILE EXCEPT AERONAUTICAL MOBILE (R),,,,,,
4.488,4.65,FIXED,MOBILE EXCEPT AERONAUTICAL MOBILE (R),,,,,,
4.65,4.7,AERONAUTICAL MOBILE (R),,,,,,,
4.7,4.75,AERONAUTICAL MOBILE (OR),,,,,,,
4.75,4.85,FIXED,AERONAUTICAL MOBILE (OR),LAND MOBILE,BROADCASTING,,,,
4.85,4.995,FIXED,LAND MOBILE,BROADCASTING,,,,,
4.995,5.003,STANDARD FREQUENCY AND TIME SIGNAL (5000 KHZ),,,,,,,
5.003,5.005,STANDARD FREQUENCY AND TIME SIGNAL,,,,,,,
5.005,5.06,FIXED,BROADCASTING,,,,,,
5.06,5.25,FIXED,,,,,,,
5.25,5.275,FIXED,MOBILE EXCEPT AERONAUTICAL MOBILE,,,,,,
5.275,5.3515,FIXED,MOBILE EXCEPT AERONAUTICAL MOBILE,,,,,,
5.3515,5.3665,FIXED,MOBILE EXCEPT AERONAUTICAL MOBILE,,,,,,
5.3665,5.45,FIXED,MOBILE EXCEPT AERONAUTICAL MOBILE,,,,,,
5.45,5.48,FIXED,AERONAUTICAL MOBILE (OR),LAND MOBILE,,,,,
5.48,5.68,AERONAUTICAL MOBILE (R),,,,,,,
5.68,5.73,AERONAUTICAL MOBILE (OR),,,,,,,
5.73,5.9,FIXED,LAND MOBILE,,,,,,
5.9,5.95,BROADCASTING,,,,,,,
5.95,6.2,BROADCASTING,,,,,,,
6.2,6.525,MARITIME MOBILE,,,,,,,
6.525,6.685,AERONAUTICAL MOBILE (R),,,,,,,
6.685,6.765,AERONAUTICAL MOBILE (OR),,,,,,,
6.765,7,FIXED,MOBILE EXCEPT AERONAUTICAL MOBILE (R),,,,,,
7,7.05,FIXED,,,,,,,
7.05,7.1,AMATEUR,AMATEUR-SATELLITE,,,,,,
7.1,7.2,AMATEUR,FIXED,MOBILE EXCEPT AERONAUTICAL MOBILE (R),,,,,
7.2,7.3,BROADCASTING,,,,,,,
7.3,7.35,BROADCASTING,,,,,,,
7.35,7.4,BROADCASTING,FIXED,,,,,,
7.4,7.45,BROADCASTING,FIXED,,,,,,
7.45,8.1,FIXED,MOBILE EXCEPT AERONAUTICAL MOBILE (R),,,,,,
8.1,8.195,FIXED,MARITIME MOBILE,,,,,,
8.195,8.815,MARITIME MOBILE,,,,,,,
8.815,8.965,AERONAUTICAL MOBILE (R),,,,,,,
8.965,9.04,AERONAUTICAL MOBILE (OR),,,,,,,
9.04,9.305,FIXED,,,,,,,
9.305,9.355,FIXED,,,,,,,
9.355,9.4,FIXED,,,,,,,
9.4,9.5,BROADCASTING,,,,,,,
9.5,9.775,BROADCASTING,,,,,,,
9.775,9.9,BROADCASTING,,,,,,,
9.9,9.995,FIXED,,,,,,,
9.995,10.003,STANDARD FREQUENCY AND TIME SIGNAL (10000 KHZ),,,,,,,
10.003,10.005,STANDARD FREQUENCY AND TIME SIGNAL,,,,,,,
10.005,10.1,AERONAUTICAL MOBILE (R),,,,,,,
10.1,10.15,FIXED,,,,,,,
10.15,11.175,FIXED,,,,,,,
11.175,11.275,AERONAUTICAL MOBILE (OR),,,,,,,
11.275,11.4,AERONAUTICAL MOBILE (R),,,,,,,
11.4,11.6,FIXED,,,,,,,
11.6,11.65,BROADCASTING,,,,,,,
11.65,11.7,BROADCASTING,,,,,,,
11.7,11.975,BROADCASTING,,,,,,,
11.975,12.05,BROADCASTING,,,,,,,
12.05,12.1,BROADCASTING,,,,,,,
12.1,12.23,FIXED,,,,,,,
12.23,13.2,MARITIME MOBILE,,,,,,,
13.2,13.26,AERONAUTICAL MOBILE (OR),,,,,,,
13.26,13.36,AERONAUTICAL MOBILE (R),,,,,,,
13.36,13.41,FIXED,RADIO ASTRONOMY,,,,,,
13.41,13.45,FIXED,,,,,,,
13.45,13.55,FIXED,,,,,,,
13.55,13.57,FIXED,,,,,,,
13.57,13.6,BROADCASTING,,,,,,,
13.6,13.8,BROADCASTING,,,,,,,
13.8,13.87,BROADCASTING,,,,,,,
13.87,14,FIXED,,,,,,,
14,14.25,AMATEUR,AMATEUR-SATELLITE,,,,,,
14.25,14.35,AMATEUR,,,,,,,
14.35,14.99,FIXED,,,,,,,
14.99,15.005,STANDARD FREQUENCY AND TIME SIGNAL (15000 KHZ),,,,,,,
15.005,15.01,STANDARD FREQUENCY AND TIME SIGNAL,,,,,,,
15.01,15.1,AERONAUTICAL MOBILE (OR),,,,,,,
15.1,15.6,BROADCASTING,,,,,,,
15.6,15.8,BROADCASTING,,,,,,,
15.8,16.1,FIXED,,,,,,,
16.1,16.2,FIXED,,,,,,,
16.2,16.36,FIXED,,,,,,,
16.36,17.41,MARITIME MOBILE,,,,,,,
17.41,17.48,FIXED,,,,,,,
17.48,17.55,BROADCASTING,,,,,,,
17.55,17.9,BROADCASTING,,,,,,,
17.9,17.97,AERONAUTICAL MOBILE (R),,,,,,,
17.97,18.03,AERONAUTICAL MOBILE (OR),,,,,,,
18.03,18.052,FIXED,,,,,,,
18.052,18.068,FIXED,,,,,,,
18.068,18.168,AMATEUR,AMATEUR-SATELLITE,,,,,,
18.168,18.78,FIXED,,,,,,,
18.78,18.9,MARITIME MOBILE,,,,,,,
18.9,19.02,BROADCASTING,,,,,,,
19.02,19.68,FIXED,,,,,,,
19.68,19.8,MARITIME MOBILE,,,,,,,
19.8,19.99,FIXED,,,,,,,
19.99,19.995,STANDARD FREQUENCY AND TIME SIGNAL,,,,,,,
19.995,20.01,STANDARD FREQUENCY AND TIME SIGNAL (20000 KHZ),,,,,,,
20.01,21,FIXED,,,,,,,
21,21.45,AMATEUR,AMATEUR-SATELLITE,,,,,,
21.45,21.85,BROADCASTING,,,,,,,
21.85,21.87,FIXED,,,,,,,
21.87,21.924,FIXED,,,,,,,
21.924,22,AERONAUTICAL MOBILE (R),,,,,,,
22,22.855,MARITIME MOBILE,,,,,,,
22.855,23,FIXED,,,,,,,
23,23.2,FIXED,,,,,,,
23.2,23.35,FIXED,AERONAUTICAL MOBILE (OR),,,,,,
23.35,24,FIXED,MOBILE EXCEPT AERONAUTICAL MOBILE,,,,,,
24,24.45,FIXED,LAND MOBILE,,,,,,
24.45,24.6,FIXED,LAND MOBILE,,,,,,
24.6,24.89,FIXED,LAND MOBILE,,,,,,
24.89,24.99,AMATEUR,AMATEUR-SATELLITE,,,,,,
24.99,25.005,STANDARD FREQUENCY AND TIME SIGNAL (25000 KHZ),,,,,,,
25.005,25.01,STANDARD FREQUENCY AND TIME SIGNAL,,,,,,,
25.01,25.07,FIXED,MOBILE EXCEPT AERONAUTICAL MOBILE,,,,,,
25.07,25.21,MARITIME MOBILE,,,,,,,
25.21,25.55,FIXED,MOBILE EXCEPT AERONAUTICAL MOBILE,,,,,,
25.55,25.67,RADIO ASTRONOMY,,,,,,,
25.67,26.1,BROADCASTING,,,,,,,
26.1,26.175,MARITIME MOBILE,,,,,,,
26.175,26.2,FIXED,MOBILE EXCEPT AERONAUTICAL MOBILE,,,,,,
26.2,26.35,FIXED,MOBILE EXCEPT AERONAUTICAL MOBILE,,,,,,
26.35,27.5,FIXED,MOBILE EXCEPT AERONAUTICAL MOBILE,,,,,,
27.5,28,METEOROLOGICAL AIDS,FIXED,MOBILE,,,,,
28,29.7,AMATEUR,AMATEUR-SATELLITE,,,,,,
29.7,30.005,FIXED,MOBILE,,,,,,
30.005,30.01,SPACE OPERATION (SATELLITE IDENTIFICATION),FIXED,MOBILE,SPACE RESEARCH,,,,
30.01,37.5,FIXED,MOBILE,,,,,,
37.5,38.25,FIXED,MOBILE,,,,,,
38.25,39,FIXED,MOBILE,,,,,,
39,39.5,FIXED,MOBILE,,,,,,
39.5,39.986,FIXED,MOBILE,,,,,,
39.986,40.02,FIXED,MOBILE,,,,,,
40.02,40.98,FIXED,MOBILE,,,,,,
40.98,41.015,FIXED,MOBILE,,,,,,
41.015,42,FIXED,MOBILE,,,,,,
42,42.5,FIXED,MOBILE,,,,,,
42.5,44,FIXED,MOBILE,,,,,,
44,47,MOBILE,FIXED,,,,,,
47,50,FIXED,MOBILE EXCEPT AERONAUTICAL MOBILE,BROADCASTING,,,,,
50,52,FIXED,MOBILE EXCEPT AERONAUTICAL MOBILE,BROADCASTING,,,,,
52,68,FIXED,MOBILE EXCEPT AERONAUTICAL MOBILE,BROADCASTING,,,,,
68,74.8,FIXED,MOBILE EXCEPT AERONAUTICAL MOBILE,,,,,,
74.8,75.2,AERONAUTICAL RADIONAVIGATION,,,,,,,
75.2,87.5,FIXED,MOBILE EXCEPT AERONAUTICAL MOBILE,,,,,,
87.5,100,BROADCASTING,,,,,,,
100,108,BROADCASTING,,,,,,,
108,117.975,AERONAUTICAL RADIONAVIGATION,,,,,,,
117.975,137,AERONAUTICAL MOBILE (R),,,,,,,
137,137.025,SPACE OPERATION (SPACE-TO-EARTH),METEOROLOGICAL-SATELLITE (SPACE-TO-EARTH),MOBILE-SATELLITE (SPACE-TO-EARTH),AERONAUTICAL MOBILE (OR),SPACE RESEARCH (SPACE-TO-EARTH),,,
137.025,137.175,SPACE OPERATION (SPACE-TO-EARTH),METEOROLOGICAL-SATELLITE (SPACE-TO-EARTH),AERONAUTICAL MOBILE (OR),SPACE RESEARCH (SPACE-TO-EARTH),,,,
137.175,137.825,SPACE OPERATION (SPACE-TO-EARTH),METEOROLOGICAL-SATELLITE (SPACE-TO-EARTH),MOBILE-SATELLITE (SPACE-TO-EARTH),AERONAUTICAL MOBILE (OR),SPACE RESEARCH (SPACE-TO-EARTH),,,
137.825,138,SPACE OPERATION (SPACE-TO-EARTH),METEOROLOGICAL-SATELLITE (SPACE-TO-EARTH),AERONAUTICAL MOBILE (OR),SPACE RESEARCH (SPACE-TO-EARTH),,,,
138,143.6,AERONAUTICAL MOBILE (OR),,,,,,,
143.6,143.65,AERONAUTICAL MOBILE (OR),SPACE RESEARCH (SPACE-TO-EARTH),,,,,,
143.65,144,AERONAUTICAL MOBILE (OR),,,,,,,
144,146,AMATEUR,AMATEUR-SATELLITE,,,,,,
146,148,FIXED,MOBILE EXCEPT AERONAUTICAL MOBILE (R),,,,,,
148,149.9,FIXED,MOBILE EXCEPT AERONAUTICAL MOBILE (R),MOBILE-SATELLITE (EARTH-TO-SPACE),,,,,
149.9,150.05,MOBILE-SATELLITE (EARTH-TO-SPACE),,,,,,,
150.05,153,FIXED,MOBILE EXCEPT AERONAUTICAL MOBILE,RADIO ASTRONOMY,,,,,
153,154,FIXED,MOBILE EXCEPT AERONAUTICAL MOBILE (R),,,,,,
154,156.488,FIXED,MOBILE EXCEPT AERONAUTICAL MOBILE (R),,,,,,
156.488,156.563,MARITIME MOBILE (DISTRESS AND CALLING VIA DSC),,,,,,,
156.563,156.763,MOBILE EXCEPT AERONAUTICAL MOBILE (R),FIXED,,,,,,
156.763,156.787,MARITIME MOBILE,,,,,,,
156.787,156.813,MARITIME MOBILE (DISTRESS AND CALLING),,,,,,,
156.813,156.838,MARITIME MOBILE,,,,,,,
156.838,157.188,FIXED,MOBILE EXCEPT AERONAUTICAL MOBILE,,,,,,
157.188,157.338,FIXED,MOBILE EXCEPT AERONAUTICAL MOBILE,,,,,,
157.338,161.787,FIXED,MOBILE EXCEPT AERONAUTICAL MOBILE,,,,,,
161.787,161.938,FIXED,MOBILE EXCEPT AERONAUTICAL MOBILE,,,,,,
161.938,161.963,FIXED,MOBILE EXCEPT AERONAUTICAL MOBILE,,,,,,
161.963,161.988,FIXED,MOBILE EXCEPT AERONAUTICAL MOBILE,,,,,,
161.988,162.013,FIXED,MOBILE EXCEPT AERONAUTICAL MOBILE,,,,,,
162.013,162.037,FIXED,MOBILE EXCEPT AERONAUTICAL MOBILE,,,,,,
162.037,174,FIXED,MOBILE EXCEPT AERONAUTICAL MOBILE,,,,,,
174,223,BROADCASTING,,,,,,,
223,230,BROADCASTING,,,,,,,
230,235,FIXED,MOBILE,,,,,,
235,267,FIXED,MOBILE,,,,,,
267,272,FIXED,MOBILE,,,,,,
272,273,SPACE OPERATION (SPACE-TO-EARTH),FIXED,MOBILE,,,,,
273,312,FIXED,MOBILE,,,,,,
312,315,FIXED,MOBILE,,,,,,
315,322,FIXED,MOBILE,,,,,,
322,328.6,FIXED,MOBILE,RADIO ASTRONOMY,,,,,
328.6,335.4,AERONAUTICAL RADIONAVIGATION,,,,,,,
335.4,387,FIXED,MOBILE,,,,,,
387,390,FIXED,MOBILE,,,,,,
390,399.9,FIXED,MOBILE,,,,,,
399.9,400.05,MOBILE-SATELLITE (EARTH-TO-SPACE),,,,,,,
400.05,400.15,STANDARD FREQUENCY AND TIME SIGNAL-SATELLITE (400.1 MHZ),FIXED,MOBILE,,,,,
400.15,401,METEOROLOGICAL AIDS,METEOROLOGICAL-SATELLITE (SPACE-TO-EARTH),MOBILE-SATELLITE (SPACE-TO-EARTH),SPACE RESEARCH (SPACE-TO-EARTH),FIXED,MOBILE,,
401,402,METEOROLOGICAL AIDS,SPACE OPERATION (SPACE-TO-EARTH),EARTH EXPLORATION-SATELLITE (EARTH-TO-SPACE),METEOROLOGICAL-SATELLITE (EARTH-TO-SPACE),,,,
402,403,METEOROLOGICAL AIDS,EARTH EXPLORATION-SATELLITE (EARTH-TO-SPACE),METEOROLOGICAL-SATELLITE (EARTH-TO-SPACE),,,,,
403,406,METEOROLOGICAL AIDS,,,,,,,
406,406.1,MOBILE-SATELLITE (EARTH-TO-SPACE),,,,,,,
406.1,410,FIXED,MOBILE EXCEPT AERONAUTICAL MOBILE,RADIO ASTRONOMY,,,,,
410,420,FIXED,MOBILE EXCEPT AERONAUTICAL MOBILE,SPACE RESEARCH (SPACE-TO-SPACE),,,,,
420,430,FIXED,MOBILE EXCEPT AERONAUTICAL MOBILE,,,,,,
430,432,FIXED,MOBILE EXCEPT AERONAUTICAL MOBILE,AMATEUR,RADIOLOCATION,,,,
432,435,FIXED,MOBILE EXCEPT AERONAUTICAL MOBILE,AMATEUR,RADIOLOCATION,,,,
435,438,FIXED,AMATEUR,RADIOLOCATION,,,,,
438,440,MOBILE EXCEPT AERONAUTICAL MOBILE,FIXED,AMATEUR,RADIOLOCATION,,,,
440,450,FIXED,MOBILE EXCEPT AERONAUTICAL MOBILE,,,,,,
450,455,FIXED,MOBILE,,,,,,
455,456,FIXED,MOBILE,,,,,,
456,459,MOBILE,FIXED,,,,,,
459,460,FIXED,MOBILE,,,,,,
460,470,FIXED,MOBILE,,,,,,
470,582,BROADCASTING,FIXED,,,,,,
582,606,BROADCASTING,,,,,,,
606,614,BROADCASTING,RADIO ASTRONOMY,,,,,,
614,694,BROADCASTING,,,,,,,
694,790,MOBILE EXCEPT AERONAUTICAL MOBILE,,,,,,,
790,862,FIXED,MOBILE EXCEPT AERONAUTICAL MOBILE,,,,,,
862,890,FIXED,MOBILE EXCEPT AERONAUTICAL MOBILE,,,,,,
890,942,FIXED,MOBILE EXCEPT AERONAUTICAL MOBILE,,,,,,
942,960,FIXED,MOBILE EXCEPT AERONAUTICAL MOBILE,,,,,,
960,1164,AERONAUTICAL MOBILE (R),AERONAUTICAL RADIONAVIGATION,,,,,,
1164,1215,AERONAUTICAL RADIONAVIGATION,RADIONAVIGATION-SATELLITE (SPACE-TO-EARTH),RADIONAVIGATION-SATELLITE (SPACE-TO-SPACE),,,,,
1215,1240,EARTH EXPLORATION-SATELLITE (ACTIVE),RADIOLOCATION,RADIONAVIGATION-SATELLITE (SPACE-TO-EARTH),RADIONAVIGATION-SATELLITE (SPACE-TO-SPACE),SPACE RESEARCH (ACTIVE),FIXED,MOBILE,RADIONAVIGATION
1240,1300,EARTH EXPLORATION-SATELLITE (ACTIVE),RADIOLOCATION,RADIONAVIGATION-SATELLITE (SPACE-TO-EARTH),RADIONAVIGATION-SATELLITE (SPACE-TO-SPACE),SPACE RESEARCH (ACTIVE),FIXED,MOBILE,RADIONAVIGATION
1300,1350,RADIOLOCATION,AERONAUTICAL RADIONAVIGATION,RADIONAVIGATION-SATELLITE (EARTH-TO-SPACE),,,,,
1350,1400,FIXED,MOBILE,RADIOLOCATION,,,,,
1400,1427,EARTH EXPLORATION-SATELLITE (PASSIVE),RADIO ASTRONOMY,SPACE RESEARCH (PASSIVE),,,,,
1427,1429,FIXED,MOBILE EXCEPT AERONAUTICAL MOBILE,SPACE OPERATION (EARTH-TO-SPACE),,,,,
1429,1452,FIXED,MOBILE EXCEPT AERONAUTICAL MOBILE,,,,,,
1452,1492,FIXED,MOBILE EXCEPT AERONAUTICAL MOBILE,BROADCASTING,BROADCASTING-SATELLITE,,,,
1492,1518,FIXED,MOBILE EXCEPT AERONAUTICAL MOBILE,,,,,,
1518,1525,FIXED,MOBILE EXCEPT AERONAUTICAL MOBILE,MOBILE-SATELLITE (SPACE-TO-EARTH),,,,,
1525,1530,FIXED,MOBILE EXCEPT AERONAUTICAL MOBILE,MOBILE-SATELLITE (SPACE-TO-EARTH),SPACE OPERATION (SPACE-TO-EARTH),,,,
1530,1535,MOBILE-SATELLITE (SPACE-TO-EARTH),SPACE OPERATION (SPACE-TO-EARTH),,,,,,
1535,1540,MOBILE-SATELLITE (SPACE-TO-EARTH),,,,,,,
1540,1559,MOBILE-SATELLITE (SPACE-TO-EARTH),,,,,,,
1559,1610,AERONAUTICAL RADIONAVIGATION,RADIONAVIGATION-SATELLITE (SPACE-TO-EARTH),RADIONAVIGATION-SATELLITE (SPACE-TO-SPACE),,,,,
1610,1610.6,AERONAUTICAL RADIONAVIGATION,MOBILE-SATELLITE (EARTH-TO-SPACE),,,,,,
1610.6,1613.8,MOBILE-SATELLITE (EARTH-TO-SPACE),RADIO ASTRONOMY,AERONAUTICAL RADIONAVIGATION,,,,,
1613.8,1621.35,MOBILE-SATELLITE (EARTH-TO-SPACE),AERONAUTICAL RADIONAVIGATION,,,,,,
1621.35,1626.5,MARITIME MOBILE-SATELLITE (SPACE-TO-EARTH),MOBILE-SATELLITE (EARTH-TO-SPACE),AERONAUTICAL RADIONAVIGATION,,,,,
1626.5,1645.5,MOBILE-SATELLITE (EARTH-TO-SPACE),,,,,,,
1645.5,1646.5,MOBILE-SATELLITE (EARTH-TO-SPACE),,,,,,,
1646.5,1660,MOBILE-SATELLITE (EARTH-TO-SPACE),,,,,,,
1660,1660.5,MOBILE-SATELLITE (EARTH-TO-SPACE),RADIO ASTRONOMY,,,,,,
1660.5,1668,RADIO ASTRONOMY,SPACE RESEARCH (PASSIVE),,,,,,
1668,1668.4,MOBILE-SATELLITE (EARTH-TO-SPACE),RADIO ASTRONOMY,SPACE RESEARCH (PASSIVE),,,,,
1668.4,1670,METEOROLOGICAL AIDS,FIXED,MOBILE EXCEPT AERONAUTICAL MOBILE,MOBILE-SATELLITE (EARTH-TO-SPACE),RADIO ASTRONOMY,,,
1670,1675,METEOROLOGICAL AIDS,FIXED,METEOROLOGICAL-SATELLITE (SPACE-TO-EARTH),MOBILE,MOBILE-SATELLITE (EARTH-TO-SPACE),,,
1675,1690,METEOROLOGICAL AIDS,FIXED,METEOROLOGICAL-SATELLITE (SPACE-TO-EARTH),MOBILE EXCEPT AERONAUTICAL MOBILE,,,,
1690,1700,METEOROLOGICAL AIDS,METEOROLOGICAL-SATELLITE (SPACE-TO-EARTH),FIXED,MOBILE EXCEPT AERONAUTICAL MOBILE,,,,
1700,1710,FIXED,METEOROLOGICAL-SATELLITE (SPACE-TO-EARTH),MOBILE EXCEPT AERONAUTICAL MOBILE,,,,,
1710,1930,FIXED,MOBILE,,,,,,
1930,1970,FIXED,MOBILE,,,,,,
1970,1980,FIXED,MOBILE,,,,,,
1980,2010,FIXED,MOBILE,MOBILE-SATELLITE (EARTH-TO-SPACE),,,,,
2010,2025,FIXED,MOBILE,,,,,,
2025,2110,SPACE OPERATION (EARTH-TO-SPACE),SPACE OPERATION (SPACE-TO-SPACE),EARTH EXPLORATION-SATELLITE (EARTH-TO-SPACE),EARTH EXPLORATION-SATELLITE (SPACE-TO-SPACE),FIXED,MOBILE,SPACE RESEARCH (EARTH-TO-SPACE),SPACE RESEARCH (SPACE-TO-SPACE)
2110,2120,FIXED,MOBILE,,,,,,
2120,2160,FIXED,MOBILE,,,,,,
2160,2170,FIXED,MOBILE,,,,,,
2170,2200,FIXED,MOBILE,MOBILE-SATELLITE (SPACE-TO-EARTH),,,,,
2200,2290,SPACE OPERATION (SPACE-TO-EARTH),SPACE OPERATION (SPACE-TO-SPACE),EARTH EXPLORATION-SATELLITE (SPACE-TO-EARTH),EARTH EXPLORATION-SATELLITE (SPACE-TO-SPACE),FIXED,MOBILE,SPACE RESEARCH (SPACE-TO-EARTH),SPACE RESEARCH (SPACE-TO-SPACE)
2290,2300,FIXED,MOBILE EXCEPT AERONAUTICAL MOBILE,SPACE RESEARCH (DEEP SPACE),SPACE RESEARCH (SPACE-TO-EARTH),,,,
2300,2450,FIXED,MOBILE,,,,,,
2450,2483.5,FIXED,MOBILE,,,,,,
2483.5,2500,FIXED,MOBILE,MOBILE-SATELLITE (SPACE-TO-EARTH),RADIODETERMINATION-SATELLITE (SPACE-TO-EARTH),,,,
2500,2520,FIXED,MOBILE EXCEPT AERONAUTICAL MOBILE,,,,,,
2520,2655,FIXED,MOBILE EXCEPT AERONAUTICAL MOBILE,,,,,,
2655,2670,FIXED,MOBILE EXCEPT AERONAUTICAL MOBILE,,,,,,
2670,2690,FIXED,MOBILE EXCEPT AERONAUTICAL MOBILE,,,,,,
2690,2700,EARTH EXPLORATION-SATELLITE (PASSIVE),RADIO ASTRONOMY,SPACE RESEARCH (PASSIVE),FIXED,MOBILE EXCEPT AERONAUTICAL MOBILE,,,
2700,2900,AERONAUTICAL RADIONAVIGATION,,,,,,,
2900,3100,RADIOLOCATION,RADIONAVIGATION,,,,,,
3100,3300,RADIOLOCATION,,,,,,,
3300,3400,MOBILE,FIXED,RADIOLOCATION,,,,,
3400,3600,FIXED,FIXED-SATELLITE (SPACE-TO-EARTH),MOBILE EXCEPT AERONAUTICAL MOBILE,,,,,
3600,4200,FIXED,FIXED-SATELLITE (SPACE-TO-EARTH),,,,,,
4200,4400,AERONAUTICAL MOBILE (R),AERONAUTICAL RADIONAVIGATION,,,,,,
4400,4500,FIXED,MOBILE,,,,,,
4500,4800,FIXED,FIXED-SATELLITE (SPACE-TO-EARTH),MOBILE,,,,,
4800,4990,FIXED,MOBILE,,,,,,
5000,5010,AERONAUTICAL MOBILE-SATELLITE (R),AERONAUTICAL RADIONAVIGATION,RADIONAVIGATION-SATELLITE (EARTH-TO-SPACE),,,,,
5010,5030,AERONAUTICAL MOBILE-SATELLITE (R),AERONAUTICAL RADIONAVIGATION,RADIONAVIGATION-SATELLITE (SPACE-TO-EARTH),RADIONAVIGATION-SATELLITE (SPACE-TO-SPACE),,,,
5030,5091,AERONAUTICAL MOBILE (R),AERONAUTICAL MOBILE-SATELLITE (R),AERONAUTICAL RADIONAVIGATION,,,,,
5091,5150,FIXED-SATELLITE (EARTH-TO-SPACE),AERONAUTICAL MOBILE,AERONAUTICAL MOBILE-SATELLITE (R),AERONAUTICAL RADIONAVIGATION,,,,
5150,5250,FIXED-SATELLITE (EARTH-TO-SPACE),AERONAUTICAL RADIONAVIGATION,MOBILE,,,,,
5250,5255,EARTH EXPLORATION-SATELLITE (ACTIVE),MOBILE EXCEPT AERONAUTICAL MOBILE,RADIOLOCATION,SPACE RESEARCH,,,,
5255,5350,EARTH EXPLORATION-SATELLITE (ACTIVE),MOBILE EXCEPT AERONAUTICAL MOBILE,RADIOLOCATION,SPACE RESEARCH (ACTIVE),,,,
5350,5460,EARTH EXPLORATION-SATELLITE (ACTIVE),RADIOLOCATION,AERONAUTICAL RADIONAVIGATION,SPACE RESEARCH (ACTIVE),,,,
5460,5470,EARTH EXPLORATION-SATELLITE (ACTIVE),RADIOLOCATION,RADIONAVIGATION,SPACE RESEARCH (ACTIVE),,,,
5470,5570,EARTH EXPLORATION-SATELLITE (ACTIVE),MOBILE EXCEPT AERONAUTICAL MOBILE,RADIOLOCATION,MARITIME RADIONAVIGATION,SPACE RESEARCH (ACTIVE),,,
5570,5650,MOBILE EXCEPT AERONAUTICAL MOBILE,RADIOLOCATION,MARITIME RADIONAVIGATION,,,,,
5650,5725,FIXED,MOBILE,RADIOLOCATION,,,,,
5725,5830,FIXED-SATELLITE (EARTH-TO-SPACE),RADIOLOCATION,FIXED,MOBILE,,,,
5830,5850,FIXED-SATELLITE (EARTH-TO-SPACE),RADIOLOCATION,FIXED,MOBILE,,,,
5850,5925,FIXED,FIXED-SATELLITE (EARTH-TO-SPACE),MOBILE,,,,,
5925,6700,FIXED,FIXED-SATELLITE (EARTH-TO-SPACE),MOBILE,,,,,
6700,7075,FIXED,FIXED-SATELLITE (EARTH-TO-SPACE),FIXED-SATELLITE (SPACE-TO-EARTH),MOBILE,,,,
7075,7145,FIXED,MOBILE,,,,,,
7145,7190,FIXED,MOBILE,SPACE RESEARCH (DEEP SPACE),SPACE RESEARCH (EARTH-TO-SPACE),,,,
7190,7235,EARTH EXPLORATION-SATELLITE (EARTH-TO-SPACE),FIXED,MOBILE,SPACE RESEARCH (EARTH-TO-SPACE),,,,
7235,7250,EARTH EXPLORATION-SATELLITE (EARTH-TO-SPACE),FIXED,MOBILE,,,,,
7250,7300,FIXED,FIXED-SATELLITE (SPACE-TO-EARTH),MOBILE,,,,,
7300,7375,FIXED,FIXED-SATELLITE (SPACE-TO-EARTH),MOBILE EXCEPT AERONAUTICAL MOBILE,,,,,
7375,7450,FIXED,FIXED-SATELLITE (SPACE-TO-EARTH),MOBILE EXCEPT AERONAUTICAL MOBILE,MARITIME MOBILE-SATELLITE (SPACE-TO-EARTH),,,,
7450,7550,FIXED,FIXED-SATELLITE (SPACE-TO-EARTH),METEOROLOGICAL-SATELLITE (SPACE-TO-EARTH),MOBILE EXCEPT AERONAUTICAL MOBILE,MARITIME MOBILE-SATELLITE (SPACE-TO-EARTH),,,
7550,7750,FIXED,FIXED-SATELLITE (SPACE-TO-EARTH),MOBILE EXCEPT AERONAUTICAL MOBILE,MARITIME MOBILE-SATELLITE (SPACE-TO-EARTH),,,,
7750,7900,FIXED,METEOROLOGICAL-SATELLITE (SPACE-TO-EARTH),MOBILE EXCEPT AERONAUTICAL MOBILE,,,,,
7900,8025,FIXED,FIXED-SATELLITE (EARTH-TO-SPACE),MOBILE,,,,,
8025,8175,EARTH EXPLORATION-SATELLITE (SPACE-TO-EARTH),FIXED,FIXED-SATELLITE (EARTH-TO-SPACE),MOBILE,,,,
8175,8215,EARTH EXPLORATION-SATELLITE (SPACE-TO-EARTH),FIXED,FIXED-SATELLITE (EARTH-TO-SPACE),METEOROLOGICAL-SATELLITE (EARTH-TO-SPACE),MOBILE,,,
8215,8400,EARTH EXPLORATION-SATELLITE (SPACE-TO-EARTH),FIXED,FIXED-SATELLITE (EARTH-TO-SPACE),MOBILE,,,,
8400,8500,FIXED,MOBILE EXCEPT AERONAUTICAL MOBILE,SPACE RESEARCH (SPACE-TO-EARTH),,,,,
8500,8550,FIXED,MOBILE,RADIOLOCATION,,,,,
8550,8650,FIXED,MOBILE,EARTH EXPLORATION-SATELLITE (ACTIVE),RADIOLOCATION,SPACE RESEARCH (ACTIVE),,,
8650,8750,FIXED,MOBILE,RADIOLOCATION,,,,,
8750,8825,RADIOLOCATION,AERONAUTICAL RADIONAVIGATION,,,,,,
8825,8850,MARITIME RADIONAVIGATION,RADIOLOCATION,AERONAUTICAL RADIONAVIGATION,,,,,
8850,9000,RADIOLOCATION,MARITIME RADIONAVIGATION,,,,,,
9000,9200,RADIOLOCATION,AERONAUTICAL RADIONAVIGATION,MARITIME RADIONAVIGATION,,,,,
9200,9300,EARTH EXPLORATION-SATELLITE (ACTIVE),RADIOLOCATION,MARITIME RADIONAVIGATION,,,,,
9300,9500,EARTH EXPLORATION-SATELLITE (ACTIVE),RADIOLOCATION,RADIONAVIGATION,SPACE RESEARCH (ACTIVE),,,,
9500,9800,EARTH EXPLORATION-SATELLITE (ACTIVE),RADIOLOCATION,RADIONAVIGATION,SPACE RESEARCH (ACTIVE),,,,
9800,9900,FIXED,RADIOLOCATION,,,,,,
9900,10000,FIXED,EARTH EXPLORATION-SATELLITE (ACTIVE),RADIOLOCATION,,,,,
10000,10400,EARTH EXPLORATION-SATELLITE (ACTIVE),FIXED,MOBILE,RADIOLOCATION,,,,
10400,10450,FIXED,MOBILE,RADIOLOCATION,,,,,
10450,10500,FIXED,MOBILE,RADIOLOCATION,,,,,
10500,10550,FIXED,MOBILE,,,,,,
10550,10600,FIXED,MOBILE EXCEPT AERONAUTICAL MOBILE,,,,,,
10600,10680,EARTH EXPLORATION-SATELLITE (PASSIVE),FIXED,MOBILE EXCEPT AERONAUTICAL MOBILE,RADIO ASTRONOMY,SPACE RESEARCH (PASSIVE),,,
10680,10700,FIXED,MOBILE EXCEPT AERONAUTICAL MOBILE,EARTH EXPLORATION-SATELLITE (PASSIVE),RADIO ASTRONOMY,SPACE RESEARCH (PASSIVE),,,
10700,10950,FIXED,FIXED-SATELLITE (SPACE-TO-EARTH),FIXED-SATELLITE (EARTH-TO-SPACE),MOBILE EXCEPT AERONAUTICAL MOBILE,,,,
10950,11200,FIXED,FIXED-SATELLITE (SPACE-TO-EARTH),FIXED-SATELLITE (EARTH-TO-SPACE),MOBILE EXCEPT AERONAUTICAL MOBILE,,,,
11200,11450,FIXED,FIXED-SATELLITE (SPACE-TO-EARTH),FIXED-SATELLITE (EARTH-TO-SPACE),MOBILE EXCEPT AERONAUTICAL MOBILE,,,,
11450,11700,FIXED,FIXED-SATELLITE (SPACE-TO-EARTH),FIXED-SATELLITE (EARTH-TO-SPACE),MOBILE EXCEPT AERONAUTICAL MOBILE,,,,
11700,12500,FIXED,MOBILE EXCEPT AERONAUTICAL MOBILE,BROADCASTING,BROADCASTING-SATELLITE,,,,
12500,12750,FIXED,FIXED-SATELLITE (SPACE-TO-EARTH),FIXED-SATELLITE (EARTH-TO-SPACE),MOBILE EXCEPT AERONAUTICAL MOBILE,,,,
12750,13250,FIXED,FIXED-SATELLITE (EARTH-TO-SPACE),MOBILE,SPACE RESEARCH (DEEP SPACE),SPACE RESEARCH (SPACE-TO-EARTH),,,
13250,13400,EARTH EXPLORATION-SATELLITE (ACTIVE),AERONAUTICAL RADIONAVIGATION,SPACE RESEARCH (ACTIVE),,,,,
13400,13650,FIXED,MOBILE,EARTH EXPLORATION-SATELLITE (ACTIVE),FIXED-SATELLITE (SPACE-TO-EARTH),RADIOLOCATION,SPACE RESEARCH,,
13650,13750,FIXED,MOBILE,EARTH EXPLORATION-SATELLITE (ACTIVE),RADIOLOCATION,SPACE RESEARCH,,,
13750,14000,FIXED,MOBILE,FIXED-SATELLITE (EARTH-TO-SPACE),RADIOLOCATION,,,,
14000,14250,FIXED,FIXED-SATELLITE (EARTH-TO-SPACE),RADIONAVIGATION,,,,,
14250,14300,FIXED,FIXED-SATELLITE (EARTH-TO-SPACE),RADIONAVIGATION,,,,,
14300,14400,FIXED,FIXED-SATELLITE (EARTH-TO-SPACE),MOBILE EXCEPT AERONAUTICAL MOBILE,,,,,
14400,14470,FIXED,FIXED-SATELLITE (EARTH-TO-SPACE),MOBILE EXCEPT AERONAUTICAL MOBILE,,,,,
14470,14500,FIXED,FIXED-SATELLITE (EARTH-TO-SPACE),MOBILE EXCEPT AERONAUTICAL MOBILE,,,,,
14500,14750,FIXED,FIXED-SATELLITE (EARTH-TO-SPACE),MOBILE,,,,,
14750,14800,FIXED,FIXED-SATELLITE (EARTH-TO-SPACE),MOBILE,,,,,
14800,15350,FIXED,MOBILE,,,,,,
15350,15400,EARTH EXPLORATION-SATELLITE (PASSIVE),RADIO ASTRONOMY,SPACE RESEARCH (PASSIVE),,,,,
15400,15430,RADIOLOCATION,AERONAUTICAL RADIONAVIGATION,,,,,,
15430,15630,FIXED-SATELLITE (EARTH-TO-SPACE),RADIOLOCATION,AERONAUTICAL RADIONAVIGATION,,,,,
15630,15700,RADIOLOCATION,AERONAUTICAL RADIONAVIGATION,,,,,,
15700,16600,FIXED,MOBILE,RADIOLOCATION,,,,,
16600,17100,FIXED,MOBILE,RADIOLOCATION,,,,,
17100,17200,FIXED,MOBILE,RADIOLOCATION,,,,,
17200,17300,FIXED,MOBILE,EARTH EXPLORATION-SATELLITE (ACTIVE),RADIOLOCATION,SPACE RESEARCH (ACTIVE),,,
17300,17700,FIXED-SATELLITE (EARTH-TO-SPACE),FIXED-SATELLITE (SPACE-TO-EARTH),,,,,,
17700,18100,FIXED,FIXED-SATELLITE (SPACE-TO-EARTH),FIXED-SATELLITE (EARTH-TO-SPACE),MOBILE,,,,
18100,18400,FIXED,FIXED-SATELLITE (SPACE-TO-EARTH),FIXED-SATELLITE (EARTH-TO-SPACE),MOBILE,,,,
18400,18600,FIXED,FIXED-SATELLITE (SPACE-TO-EARTH),MOBILE,,,,,
18600,18800,EARTH EXPLORATION-SATELLITE (PASSIVE),FIXED,FIXED-SATELLITE (SPACE-TO-EARTH),MOBILE EXCEPT AERONAUTICAL MOBILE,,,,
18800,19300,FIXED,FIXED-SATELLITE (SPACE-TO-EARTH),MOBILE,,,,,
19300,19700,FIXED,FIXED-SATELLITE (SPACE-TO-EARTH),FIXED-SATELLITE (EARTH-TO-SPACE),MOBILE,,,,
19700,20100,FIXED-SATELLITE (SPACE-TO-EARTH),FIXED,MOBILE,,,,,
20100,20200,FIXED,FIXED-SATELLITE (SPACE-TO-EARTH),MOBILE,MOBILE-SATELLITE (SPACE-TO-EARTH),,,,
20200,21200,FIXED,FIXED-SATELLITE (SPACE-TO-EARTH),MOBILE,MOBILE-SATELLITE (SPACE-TO-EARTH),,,,
21200,21400,EARTH EXPLORATION-SATELLITE (PASSIVE),FIXED,MOBILE,SPACE RESEARCH (PASSIVE),,,,
21400,22000,FIXED,MOBILE,BROADCASTING-SATELLITE,,,,,
22000,22210,FIXED,MOBILE EXCEPT AERONAUTICAL MOBILE,,,,,,
22210,22500,EARTH EXPLORATION-SATELLITE (PASSIVE),FIXED,MOBILE EXCEPT AERONAUTICAL MOBILE,RADIO ASTRONOMY,SPACE RESEARCH (PASSIVE),,,
22500,22550,FIXED,MOBILE,,,,,,
22550,23150,FIXED,INTER-SATELLITE,MOBILE,SPACE RESEARCH (EARTH-TO-SPACE),,,,
23150,23550,FIXED,INTER-SATELLITE,MOBILE,,,,,
23550,23600,FIXED,MOBILE,,,,,,
23600,24000,EARTH EXPLORATION-SATELLITE (PASSIVE),RADIO ASTRONOMY,SPACE RESEARCH (PASSIVE),,,,,
24000,24050,AMATEUR,AMATEUR-SATELLITE,,,,,,
24050,24250,RADIOLOCATION,,,,,,,
24250,24450,FIXED,MOBILE EXCEPT AERONAUTICAL MOBILE,,,,,,
24450,24650,FIXED,INTER-SATELLITE,MOBILE EXCEPT AERONAUTICAL MOBILE,,,,,
24650,24750,FIXED,FIXED-SATELLITE (EARTH-TO-SPACE),INTER-SATELLITE,MOBILE EXCEPT AERONAUTICAL MOBILE,,,,
24750,25250,FIXED,FIXED-SATELLITE (EARTH-TO-SPACE),MOBILE EXCEPT AERONAUTICAL MOBILE,,,,,
25250,25500,FIXED,INTER-SATELLITE,MOBILE,,,,,
25500,27000,EARTH EXPLORATION-SATELLITE (SPACE-TO-EARTH),FIXED,INTER-SATELLITE,MOBILE,SPACE RESEARCH (SPACE-TO-EARTH),,,
27000,27500,FIXED,INTER-SATELLITE,MOBILE,,,,,
27500,28500,FIXED,FIXED-SATELLITE (EARTH-TO-SPACE),MOBILE,,,,,
28500,29100,FIXED,FIXED-SATELLITE (EARTH-TO-SPACE),MOBILE,,,,,
29100,29500,FIXED,FIXED-SATELLITE (EARTH-TO-SPACE),MOBILE,,,,,
29500,29900,FIXED-SATELLITE (EARTH-TO-SPACE),,,,,,,
29900,30000,FIXED-SATELLITE (EARTH-TO-SPACE),MOBILE-SATELLITE (EARTH-TO-SPACE),,,,,,
30000,31000,FIXED-SATELLITE (EARTH-TO-SPACE),MOBILE-SATELLITE (EARTH-TO-SPACE),,,,,,
31000,31300,FIXED,MOBILE,,,,,,
31300,31500,EARTH EXPLORATION-SATELLITE (PASSIVE),RADIO ASTRONOMY,SPACE RESEARCH (PASSIVE),,,,,
31500,31800,FIXED,MOBILE EXCEPT AERONAUTICAL MOBILE,EARTH EXPLORATION-SATELLITE (PASSIVE),RADIO ASTRONOMY,SPACE RESEARCH (PASSIVE),,,
31800,32000,FIXED,RADIONAVIGATION,SPACE RESEARCH (DEEP SPACE),SPACE RESEARCH (SPACE-TO-EARTH),,,,
32000,32300,FIXED,RADIONAVIGATION,SPACE RESEARCH (DEEP SPACE),SPACE RESEARCH (SPACE-TO-EARTH),,,,
32300,33000,FIXED,INTER-SATELLITE,RADIONAVIGATION,,,,,
33000,33400,FIXED,RADIONAVIGATION,,,,,,
33400,34200,FIXED,MOBILE,RADIOLOCATION,,,,,
34200,34700,FIXED,MOBILE,RADIOLOCATION,SPACE RESEARCH (DEEP SPACE),SPACE RESEARCH (EARTH-TO-SPACE),,,
34700,35200,FIXED,MOBILE,RADIOLOCATION,,,,,
35200,35500,FIXED,MOBILE,METEOROLOGICAL AIDS,RADIOLOCATION,,,,
35500,36000,FIXED,MOBILE,METEOROLOGICAL AIDS,EARTH EXPLORATION-SATELLITE (ACTIVE),RADIOLOCATION,SPACE RESEARCH (ACTIVE),,
36000,37000,EARTH EXPLORATION-SATELLITE (PASSIVE),FIXED,MOBILE,SPACE RESEARCH (PASSIVE),,,,
37000,37500,FIXED,MOBILE EXCEPT AERONAUTICAL MOBILE,SPACE RESEARCH (SPACE-TO-EARTH),,,,,
37500,38000,FIXED,FIXED-SATELLITE (SPACE-TO-EARTH),MOBILE EXCEPT AERONAUTICAL MOBILE,SPACE RESEARCH (SPACE-TO-EARTH),,,,
38000,39500,FIXED,FIXED-SATELLITE (SPACE-TO-EARTH),MOBILE,,,,,
39500,40000,FIXED,FIXED-SATELLITE (SPACE-TO-EARTH),MOBILE,MOBILE-SATELLITE (SPACE-TO-EARTH),,,,
40000,40500,EARTH EXPLORATION-SATELLITE (EARTH-TO-SPACE),FIXED,FIXED-SATELLITE (SPACE-TO-EARTH),MOBILE,MOBILE-SATELLITE (SPACE-TO-EARTH),SPACE RESEARCH (EARTH-TO-SPACE),,
40500,41000,FIXED,FIXED-SATELLITE (SPACE-TO-EARTH),LAND MOBILE,BROADCASTING,BROADCASTING-SATELLITE,,,
41000,42500,FIXED,FIXED-SATELLITE (SPACE-TO-EARTH),LAND MOBILE,BROADCASTING,BROADCASTING-SATELLITE,,,
42500,43500,FIXED,FIXED-SATELLITE (EARTH-TO-SPACE),MOBILE EXCEPT AERONAUTICAL MOBILE,RADIO ASTRONOMY,,,,
43500,47000,MOBILE,MOBILE-SATELLITE,RADIONAVIGATION,RADIONAVIGATION-SATELLITE,,,,
47000,47200,AMATEUR,AMATEUR-SATELLITE,,,,,,
47200,47500,FIXED,FIXED-SATELLITE (EARTH-TO-SPACE),MOBILE,,,,,
47500,47900,FIXED,FIXED-SATELLITE (EARTH-TO-SPACE),FIXED-SATELLITE (SPACE-TO-EARTH),MOBILE,,,,
47900,48200,FIXED,FIXED-SATELLITE (EARTH-TO-SPACE),MOBILE,,,,,
48200,48540,FIXED,FIXED-SATELLITE (EARTH-TO-SPACE),FIXED-SATELLITE (SPACE-TO-EARTH),MOBILE,,,,
48540,49440,FIXED,FIXED-SATELLITE (EARTH-TO-SPACE),MOBILE,,,,,
49440,50200,FIXED,FIXED-SATELLITE (EARTH-TO-SPACE),FIXED-SATELLITE (SPACE-TO-EARTH),MOBILE,,,,
50200,50400,EARTH EXPLORATION-SATELLITE (PASSIVE),SPACE RESEARCH (PASSIVE),,,,,,
50400,51400,FIXED,FIXED-SATELLITE (EARTH-TO-SPACE),MOBILE,,,,,
51400,52400,FIXED,FIXED-SATELLITE (EARTH-TO-SPACE),MOBILE,,,,,
52400,52600,FIXED,MOBILE,,,,,,
52600,54250,EARTH EXPLORATION-SATELLITE (PASSIVE),SPACE RESEARCH (PASSIVE),,,,,,
54250,55780,EARTH EXPLORATION-SATELLITE (PASSIVE),INTER-SATELLITE,SPACE RESEARCH (PASSIVE),,,,,
55780,56900,EARTH EXPLORATION-SATELLITE (PASSIVE),FIXED,INTER-SATELLITE,MOBILE,SPACE RESEARCH (PASSIVE),,,
56900,57000,EARTH EXPLORATION-SATELLITE (PASSIVE),FIXED,INTER-SATELLITE,MOBILE,SPACE RESEARCH (PASSIVE),,,
57000,58200,EARTH EXPLORATION-SATELLITE (PASSIVE),FIXED,INTER-SATELLITE,MOBILE,SPACE RESEARCH (PASSIVE),,,
58200,59000,EARTH EXPLORATION-SATELLITE (PASSIVE),FIXED,MOBILE,SPACE RESEARCH (PASSIVE),,,,
59000,59300,EARTH EXPLORATION-SATELLITE (PASSIVE),FIXED,INTER-SATELLITE,MOBILE,RADIOLOCATION,SPACE RESEARCH (PASSIVE),,
59300,64000,FIXED,INTER-SATELLITE,MOBILE,RADIOLOCATION,,,,
64000,65000,FIXED,INTER-SATELLITE,MOBILE EXCEPT AERONAUTICAL MOBILE,,,,,
65000,66000,EARTH EXPLORATION-SATELLITE,FIXED,INTER-SATELLITE,MOBILE EXCEPT AERONAUTICAL MOBILE,SPACE RESEARCH,,,
66000,71000,INTER-SATELLITE,MOBILE,MOBILE-SATELLITE,RADIONAVIGATION,RADIONAVIGATION-SATELLITE,,,
71000,74000,FIXED,FIXED-SATELLITE (SPACE-TO-EARTH),MOBILE,MOBILE-SATELLITE (SPACE-TO-EARTH),,,,
74000,76000,FIXED,FIXED-SATELLITE (SPACE-TO-EARTH),MOBILE,BROADCASTING,BROADCASTING-SATELLITE,,,
76000,77500,RADIO ASTRONOMY,RADIOLOCATION,,,,,,
77500,78000,AMATEUR,AMATEUR-SATELLITE,RADIOLOCATION,,,,,
78000,79000,RADIOLOCATION,,,,,,,
79000,81000,RADIO ASTRONOMY,RADIOLOCATION,,,,,,
81000,84000,FIXED,FIXED-SATELLITE (EARTH-TO-SPACE),MOBILE,MOBILE-SATELLITE (EARTH-TO-SPACE),RADIO ASTRONOMY,,,
84000,86000,FIXED,FIXED-SATELLITE (EARTH-TO-SPACE),MOBILE,RADIO ASTRONOMY,,,,
86000,92000,EARTH EXPLORATION-SATELLITE (PASSIVE),RADIO ASTRONOMY,SPACE RESEARCH (PASSIVE),,,,,
92000,94000,FIXED,MOBILE,RADIO ASTRONOMY,RADIOLOCATION,,,,
94000,94100,EARTH EXPLORATION-SATELLITE (ACTIVE),RADIOLOCATION,SPACE RESEARCH (ACTIVE),,,,,
94100,95000,FIXED,MOBILE,RADIO ASTRONOMY,RADIOLOCATION,,,,
95000,100000,FIXED,MOBILE,RADIO ASTRONOMY,RADIOLOCATION,RADIONAVIGATION,RADIONAVIGATION-SATELLITE,,
100000,102000,EARTH EXPLORATION-SATELLITE (PASSIVE),RADIO ASTRONOMY,SPACE RESEARCH (PASSIVE),,,,,
102000,105000,FIXED,MOBILE,RADIO ASTRONOMY,,,,,
105000,109500,FIXED,MOBILE,RADIO ASTRONOMY,SPACE RESEARCH (PASSIVE),,,,
109500,111800,EARTH EXPLORATION-SATELLITE (PASSIVE),RADIO ASTRONOMY,SPACE RESEARCH (PASSIVE),,,,,
111800,114250,FIXED,MOBILE,RADIO ASTRONOMY,SPACE RESEARCH (PASSIVE),,,,
114250,116000,EARTH EXPLORATION-SATELLITE (PASSIVE),RADIO ASTRONOMY,SPACE RESEARCH (PASSIVE),,,,,
116000,119980,EARTH EXPLORATION-SATELLITE (PASSIVE),INTER-SATELLITE,SPACE RESEARCH (PASSIVE),,,,,
119980,122250,EARTH EXPLORATION-SATELLITE (PASSIVE),INTER-SATELLITE,SPACE RESEARCH (PASSIVE),,,,,
122250,123000,FIXED,INTER-SATELLITE,MOBILE,,,,,
123000,130000,FIXED-SATELLITE (SPACE-TO-EARTH),MOBILE-SATELLITE (SPACE-TO-EARTH),RADIONAVIGATION,RADIONAVIGATION-SATELLITE,,,,
130000,134000,EARTH EXPLORATION-SATELLITE (ACTIVE),FIXED,INTER-SATELLITE,MOBILE,RADIO ASTRONOMY,,,
134000,136000,AMATEUR,AMATEUR-SATELLITE,,,,,,
136000,141000,RADIO ASTRONOMY,RADIOLOCATION,,,,,,
141000,148500,FIXED,MOBILE,RADIO ASTRONOMY,RADIOLOCATION,,,,
148500,151500,EARTH EXPLORATION-SATELLITE (PASSIVE),RADIO ASTRONOMY,SPACE RESEARCH (PASSIVE),,,,,
151500,155500,FIXED,MOBILE,RADIO ASTRONOMY,RADIOLOCATION,,,,
155500,158500,FIXED,MOBILE,RADIO ASTRONOMY,,,,,
158500,164000,FIXED,FIXED-SATELLITE (SPACE-TO-EARTH),MOBILE,MOBILE-SATELLITE (SPACE-TO-EARTH),,,,
164000,167000,EARTH EXPLORATION-SATELLITE (PASSIVE),RADIO ASTRONOMY,SPACE RESEARCH (PASSIVE),,,,,
167000,174500,FIXED,FIXED-SATELLITE (SPACE-TO-EARTH),INTER-SATELLITE,MOBILE,,,,
174500,174800,FIXED,INTER-SATELLITE,MOBILE,,,,,
174800,182000,EARTH EXPLORATION-SATELLITE (PASSIVE),INTER-SATELLITE,SPACE RESEARCH (PASSIVE),,,,,
182000,185000,EARTH EXPLORATION-SATELLITE (PASSIVE),RADIO ASTRONOMY,SPACE RESEARCH (PASSIVE),,,,,
185000,190000,EARTH EXPLORATION-SATELLITE (PASSIVE),INTER-SATELLITE,SPACE RESEARCH (PASSIVE),,,,,
190000,191800,EARTH EXPLORATION-SATELLITE (PASSIVE),SPACE RESEARCH (PASSIVE),,,,,,
191800,200000,FIXED,INTER-SATELLITE,MOBILE,MOBILE-SATELLITE,RADIONAVIGATION,RADIONAVIGATION-SATELLITE,,
200000,209000,EARTH EXPLORATION-SATELLITE (PASSIVE),RADIO ASTRONOMY,SPACE RESEARCH (PASSIVE),,,,,
209000,217000,FIXED,FIXED-SATELLITE (EARTH-TO-SPACE),MOBILE,RADIO ASTRONOMY,,,,
217000,226000,FIXED,FIXED-SATELLITE (EARTH-TO-SPACE),MOBILE,RADIO ASTRONOMY,SPACE RESEARCH (PASSIVE),,,
226000,231500,EARTH EXPLORATION-SATELLITE (PASSIVE),RADIO ASTRONOMY,SPACE RESEARCH (PASSIVE),,,,,
231500,232000,FIXED,MOBILE,,,,,,
232000,235000,FIXED,FIXED-SATELLITE (SPACE-TO-EARTH),MOBILE,,,,,
235000,238000,FIXED-SATELLITE (SPACE-TO-EARTH),EARTH EXPLORATION-SATELLITE (PASSIVE),SPACE RESEARCH (PASSIVE),,,,,
238000,240000,FIXED,FIXED-SATELLITE (SPACE-TO-EARTH),MOBILE,RADIOLOCATION,RADIONAVIGATION,RADIONAVIGATION-SATELLITE,,
240000,241000,FIXED,MOBILE,RADIOLOCATION,,,,,
241000,248000,RADIO ASTRONOMY,RADIOLOCATION,,,,,,
248000,250000,AMATEUR,AMATEUR-SATELLITE,,,,,,
250000,252000,EARTH EXPLORATION-SATELLITE (PASSIVE),RADIO ASTRONOMY,SPACE RESEARCH (PASSIVE),,,,,
252000,265000,FIXED,MOBILE,MOBILE-SATELLITE (EARTH-TO-SPACE),RADIO ASTRONOMY,RADIONAVIGATION,RADIONAVIGATION-SATELLITE,,
265000,275000,FIXED,FIXED-SATELLITE (EARTH-TO-SPACE),MOBILE,RADIO ASTRONOMY,,,,
275000,3.00E+06,,,,,,,,